--------------------------------------------------------
--  File created - Jumat-Maret-17-2017   
--------------------------------------------------------
--------------------------------------------------------
--  DDL for Table BARANG
--------------------------------------------------------

  CREATE TABLE "TINA"."BARANG" 
   (	"KODE_BARANG" CHAR(6 BYTE), 
	"NAMA_BARANG" VARCHAR2(25 BYTE), 
	"SATUAN_BARANG" CHAR(5 BYTE), 
	"STOK_BARANG" NUMBER(4,0), 
	"KETERANGAN" VARCHAR2(50 BYTE)
   ) SEGMENT CREATION IMMEDIATE 
  PCTFREE 10 PCTUSED 40 INITRANS 1 MAXTRANS 255 NOCOMPRESS LOGGING
  STORAGE(INITIAL 65536 NEXT 1048576 MINEXTENTS 1 MAXEXTENTS 2147483645
  PCTINCREASE 0 FREELISTS 1 FREELIST GROUPS 1 BUFFER_POOL DEFAULT FLASH_CACHE DEFAULT CELL_FLASH_CACHE DEFAULT)
  TABLESPACE "SYSTEM" ;
--------------------------------------------------------
--  DDL for Table CUSTOMER
--------------------------------------------------------

  CREATE TABLE "TINA"."CUSTOMER" 
   (	"KODE_CUSTOMER" CHAR(6 BYTE), 
	"NAMA_CUSTOMER" VARCHAR2(30 BYTE), 
	"ALAMAT_CUSTOMER" VARCHAR2(30 BYTE), 
	"KOTA_CUSTOMER" VARCHAR2(15 BYTE), 
	"TELEPON_CUSTOMER" VARCHAR2(15 BYTE)
   ) SEGMENT CREATION IMMEDIATE 
  PCTFREE 10 PCTUSED 40 INITRANS 1 MAXTRANS 255 NOCOMPRESS LOGGING
  STORAGE(INITIAL 65536 NEXT 1048576 MINEXTENTS 1 MAXEXTENTS 2147483645
  PCTINCREASE 0 FREELISTS 1 FREELIST GROUPS 1 BUFFER_POOL DEFAULT FLASH_CACHE DEFAULT CELL_FLASH_CACHE DEFAULT)
  TABLESPACE "SYSTEM" ;
--------------------------------------------------------
--  DDL for Table PASOK
--------------------------------------------------------

  CREATE TABLE "TINA"."PASOK" 
   (	"KODE_PASOK" CHAR(10 BYTE), 
	"KODE_BARANG" CHAR(6 BYTE), 
	"KODE_SUPLIER" CHAR(5 BYTE), 
	"TANGGAL_PASOK" DATE, 
	"JUMLAH_PASOK" NUMBER(4,0)
   ) SEGMENT CREATION IMMEDIATE 
  PCTFREE 10 PCTUSED 40 INITRANS 1 MAXTRANS 255 NOCOMPRESS LOGGING
  STORAGE(INITIAL 65536 NEXT 1048576 MINEXTENTS 1 MAXEXTENTS 2147483645
  PCTINCREASE 0 FREELISTS 1 FREELIST GROUPS 1 BUFFER_POOL DEFAULT FLASH_CACHE DEFAULT CELL_FLASH_CACHE DEFAULT)
  TABLESPACE "SYSTEM" ;
--------------------------------------------------------
--  DDL for Table PEMBELIAN
--------------------------------------------------------

  CREATE TABLE "TINA"."PEMBELIAN" 
   (	"KODE_PEMBELIAN" CHAR(10 BYTE), 
	"KODE_BARANG" CHAR(6 BYTE), 
	"KODE_CUSTOMER" CHAR(6 BYTE), 
	"TANGGAL_PEMBELIAN" DATE, 
	"JUMLAH_PEMBELIAN" NUMBER(4,0)
   ) SEGMENT CREATION IMMEDIATE 
  PCTFREE 10 PCTUSED 40 INITRANS 1 MAXTRANS 255 NOCOMPRESS LOGGING
  STORAGE(INITIAL 65536 NEXT 1048576 MINEXTENTS 1 MAXEXTENTS 2147483645
  PCTINCREASE 0 FREELISTS 1 FREELIST GROUPS 1 BUFFER_POOL DEFAULT FLASH_CACHE DEFAULT CELL_FLASH_CACHE DEFAULT)
  TABLESPACE "SYSTEM" ;
--------------------------------------------------------
--  DDL for Table SUPLIER
--------------------------------------------------------

  CREATE TABLE "TINA"."SUPLIER" 
   (	"KODE_SUPLIER" CHAR(5 BYTE), 
	"NAMA_SUPLIER" VARCHAR2(30 BYTE), 
	"ALAMAT_SUPLIER" VARCHAR2(30 BYTE), 
	"KOTA_SUPLIER" VARCHAR2(15 BYTE), 
	"TELEPON_SUPLIER" VARCHAR2(15 BYTE)
   ) SEGMENT CREATION IMMEDIATE 
  PCTFREE 10 PCTUSED 40 INITRANS 1 MAXTRANS 255 NOCOMPRESS LOGGING
  STORAGE(INITIAL 65536 NEXT 1048576 MINEXTENTS 1 MAXEXTENTS 2147483645
  PCTINCREASE 0 FREELISTS 1 FREELIST GROUPS 1 BUFFER_POOL DEFAULT FLASH_CACHE DEFAULT CELL_FLASH_CACHE DEFAULT)
  TABLESPACE "SYSTEM" ;
REM INSERTING into TINA.BARANG
SET DEFINE OFF;
Insert into TINA.BARANG (KODE_BARANG,NAMA_BARANG,SATUAN_BARANG,STOK_BARANG,KETERANGAN) values ('ELK-01','Rice Cooker','BUAH ','20',null);
Insert into TINA.BARANG (KODE_BARANG,NAMA_BARANG,SATUAN_BARANG,STOK_BARANG,KETERANGAN) values ('ELK-02','Kulkas','BUAH ','8',null);
Insert into TINA.BARANG (KODE_BARANG,NAMA_BARANG,SATUAN_BARANG,STOK_BARANG,KETERANGAN) values ('ELK-03','Televisi','UNIT ','30',null);
Insert into TINA.BARANG (KODE_BARANG,NAMA_BARANG,SATUAN_BARANG,STOK_BARANG,KETERANGAN) values ('ELK-04','Mesin Cuci','UNIT ','35','Bagus Semua');
Insert into TINA.BARANG (KODE_BARANG,NAMA_BARANG,SATUAN_BARANG,STOK_BARANG,KETERANGAN) values ('ELK-05','Komputer','UNIT ','28','Bagus Semua');
Insert into TINA.BARANG (KODE_BARANG,NAMA_BARANG,SATUAN_BARANG,STOK_BARANG,KETERANGAN) values ('ELK-06','Kipas Angin','BUAH ','38',null);
REM INSERTING into TINA.CUSTOMER
SET DEFINE OFF;
Insert into TINA.CUSTOMER (KODE_CUSTOMER,NAMA_CUSTOMER,ALAMAT_CUSTOMER,KOTA_CUSTOMER,TELEPON_CUSTOMER) values ('CTM-01','Toko ABC','Jl. Manggis 2','Jakarta','(021)-122255');
Insert into TINA.CUSTOMER (KODE_CUSTOMER,NAMA_CUSTOMER,ALAMAT_CUSTOMER,KOTA_CUSTOMER,TELEPON_CUSTOMER) values ('CTM-02','Toko King','Jl. Kartini 3','Jakarta','(021)-114455');
Insert into TINA.CUSTOMER (KODE_CUSTOMER,NAMA_CUSTOMER,ALAMAT_CUSTOMER,KOTA_CUSTOMER,TELEPON_CUSTOMER) values ('CTM-03','Toko Lumintu','Jl. Diponegoro','Bandung','(022)-112345');
Insert into TINA.CUSTOMER (KODE_CUSTOMER,NAMA_CUSTOMER,ALAMAT_CUSTOMER,KOTA_CUSTOMER,TELEPON_CUSTOMER) values ('CTM-04','Toko Pojok','Jl. Sudirman','Bandung','(022)-123456');
REM INSERTING into TINA.PASOK
SET DEFINE OFF;
Insert into TINA.PASOK (KODE_PASOK,KODE_BARANG,KODE_SUPLIER,TANGGAL_PASOK,JUMLAH_PASOK) values ('PAS-01    ','ELK-01','SP-01',to_date('01-01-2012','DD-MM-RRRR'),'8');
Insert into TINA.PASOK (KODE_PASOK,KODE_BARANG,KODE_SUPLIER,TANGGAL_PASOK,JUMLAH_PASOK) values ('PAS-02    ','ELK-01','SP-02',to_date('24-03-2012','DD-MM-RRRR'),'5');
Insert into TINA.PASOK (KODE_PASOK,KODE_BARANG,KODE_SUPLIER,TANGGAL_PASOK,JUMLAH_PASOK) values ('PAS-03    ','ELK-02','SP-01',to_date('01-02-2012','DD-MM-RRRR'),'2');
Insert into TINA.PASOK (KODE_PASOK,KODE_BARANG,KODE_SUPLIER,TANGGAL_PASOK,JUMLAH_PASOK) values ('PAS-04    ','ELK-02','SP-02',to_date('02-02-2012','DD-MM-RRRR'),'3');
Insert into TINA.PASOK (KODE_PASOK,KODE_BARANG,KODE_SUPLIER,TANGGAL_PASOK,JUMLAH_PASOK) values ('PAS-05    ','ELK-02','SP-04',to_date('01-02-2012','DD-MM-RRRR'),'2');
Insert into TINA.PASOK (KODE_PASOK,KODE_BARANG,KODE_SUPLIER,TANGGAL_PASOK,JUMLAH_PASOK) values ('PAS-06    ','ELK-03','SP-01',to_date('03-03-2012','DD-MM-RRRR'),'5');
Insert into TINA.PASOK (KODE_PASOK,KODE_BARANG,KODE_SUPLIER,TANGGAL_PASOK,JUMLAH_PASOK) values ('PAS-07    ','ELK-03','SP-01',to_date('04-03-2012','DD-MM-RRRR'),'2');
Insert into TINA.PASOK (KODE_PASOK,KODE_BARANG,KODE_SUPLIER,TANGGAL_PASOK,JUMLAH_PASOK) values ('PAS-08    ','ELK-03','SP-01',to_date('03-03-2012','DD-MM-RRRR'),'3');
Insert into TINA.PASOK (KODE_PASOK,KODE_BARANG,KODE_SUPLIER,TANGGAL_PASOK,JUMLAH_PASOK) values ('PAS-09    ','ELK-03','SP-03',to_date('13-03-2012','DD-MM-RRRR'),'4');
Insert into TINA.PASOK (KODE_PASOK,KODE_BARANG,KODE_SUPLIER,TANGGAL_PASOK,JUMLAH_PASOK) values ('PAS-10    ','ELK-03','SP-03',to_date('13-03-2012','DD-MM-RRRR'),'3');
Insert into TINA.PASOK (KODE_PASOK,KODE_BARANG,KODE_SUPLIER,TANGGAL_PASOK,JUMLAH_PASOK) values ('PAS-11    ','ELK-04','SP-03',to_date('22-04-2012','DD-MM-RRRR'),'12');
Insert into TINA.PASOK (KODE_PASOK,KODE_BARANG,KODE_SUPLIER,TANGGAL_PASOK,JUMLAH_PASOK) values ('PAS-12    ','ELK-04','SP-03',to_date('30-04-2002','DD-MM-RRRR'),'9');
REM INSERTING into TINA.PEMBELIAN
SET DEFINE OFF;
Insert into TINA.PEMBELIAN (KODE_PEMBELIAN,KODE_BARANG,KODE_CUSTOMER,TANGGAL_PEMBELIAN,JUMLAH_PEMBELIAN) values ('BEL-001   ','ELK-01','CTM-01',to_date('20-05-2012','DD-MM-RRRR'),'3');
Insert into TINA.PEMBELIAN (KODE_PEMBELIAN,KODE_BARANG,KODE_CUSTOMER,TANGGAL_PEMBELIAN,JUMLAH_PEMBELIAN) values ('BEL-002   ','ELK-01','CTM-01',to_date('21-05-2012','DD-MM-RRRR'),'4');
Insert into TINA.PEMBELIAN (KODE_PEMBELIAN,KODE_BARANG,KODE_CUSTOMER,TANGGAL_PEMBELIAN,JUMLAH_PEMBELIAN) values ('BEL-003   ','ELK-01','CTM-02',to_date('20-05-2012','DD-MM-RRRR'),'2');
Insert into TINA.PEMBELIAN (KODE_PEMBELIAN,KODE_BARANG,KODE_CUSTOMER,TANGGAL_PEMBELIAN,JUMLAH_PEMBELIAN) values ('BEL-004   ','ELK-01','CTM-03',to_date('20-05-2012','DD-MM-RRRR'),'2');
Insert into TINA.PEMBELIAN (KODE_PEMBELIAN,KODE_BARANG,KODE_CUSTOMER,TANGGAL_PEMBELIAN,JUMLAH_PEMBELIAN) values ('BEL-005   ','ELK-01','CTM-04',to_date('22-05-2012','DD-MM-RRRR'),'3');
Insert into TINA.PEMBELIAN (KODE_PEMBELIAN,KODE_BARANG,KODE_CUSTOMER,TANGGAL_PEMBELIAN,JUMLAH_PEMBELIAN) values ('BEL-006   ','ELK-02','CTM-01',to_date('24-06-2012','DD-MM-RRRR'),'1');
Insert into TINA.PEMBELIAN (KODE_PEMBELIAN,KODE_BARANG,KODE_CUSTOMER,TANGGAL_PEMBELIAN,JUMLAH_PEMBELIAN) values ('BEL-007   ','ELK-02','CTM-02',to_date('24-06-2012','DD-MM-RRRR'),'1');
Insert into TINA.PEMBELIAN (KODE_PEMBELIAN,KODE_BARANG,KODE_CUSTOMER,TANGGAL_PEMBELIAN,JUMLAH_PEMBELIAN) values ('BEL-008   ','ELK-02','CTM-03',to_date('25-06-2012','DD-MM-RRRR'),'2');
Insert into TINA.PEMBELIAN (KODE_PEMBELIAN,KODE_BARANG,KODE_CUSTOMER,TANGGAL_PEMBELIAN,JUMLAH_PEMBELIAN) values ('BEL-009   ','ELK-02','CTM-04',to_date('25-06-2012','DD-MM-RRRR'),'2');
Insert into TINA.PEMBELIAN (KODE_PEMBELIAN,KODE_BARANG,KODE_CUSTOMER,TANGGAL_PEMBELIAN,JUMLAH_PEMBELIAN) values ('BEL-010   ','ELK-02','CTM-01',to_date('20-06-2012','DD-MM-RRRR'),'5');
Insert into TINA.PEMBELIAN (KODE_PEMBELIAN,KODE_BARANG,KODE_CUSTOMER,TANGGAL_PEMBELIAN,JUMLAH_PEMBELIAN) values ('BEL-011   ','ELK-03','CTM-02',to_date('02-07-2012','DD-MM-RRRR'),'4');
Insert into TINA.PEMBELIAN (KODE_PEMBELIAN,KODE_BARANG,KODE_CUSTOMER,TANGGAL_PEMBELIAN,JUMLAH_PEMBELIAN) values ('BEL-012   ','ELK-03','CTM-03',to_date('04-07-2012','DD-MM-RRRR'),'6');
REM INSERTING into TINA.SUPLIER
SET DEFINE OFF;
Insert into TINA.SUPLIER (KODE_SUPLIER,NAMA_SUPLIER,ALAMAT_SUPLIER,KOTA_SUPLIER,TELEPON_SUPLIER) values ('SP-01','PT. Actron','Jl. Thamrin 12','Jakarta','(021)-123455');
Insert into TINA.SUPLIER (KODE_SUPLIER,NAMA_SUPLIER,ALAMAT_SUPLIER,KOTA_SUPLIER,TELEPON_SUPLIER) values ('SP-02','PT. Mulya','Jl. Gatsu 5','Jakarta','(021)-122445');
Insert into TINA.SUPLIER (KODE_SUPLIER,NAMA_SUPLIER,ALAMAT_SUPLIER,KOTA_SUPLIER,TELEPON_SUPLIER) values ('SP-03','PT. Ultrasound','Jl. Sukarno Hatta','Bandung','(022)-212345');
Insert into TINA.SUPLIER (KODE_SUPLIER,NAMA_SUPLIER,ALAMAT_SUPLIER,KOTA_SUPLIER,TELEPON_SUPLIER) values ('SP-04','PT. Supertron','Jl. Industri','Bandung','(022)-456789');
--------------------------------------------------------
--  DDL for Index PK_BARANG
--------------------------------------------------------

  CREATE UNIQUE INDEX "TINA"."PK_BARANG" ON "TINA"."BARANG" ("KODE_BARANG") 
  PCTFREE 10 INITRANS 2 MAXTRANS 255 COMPUTE STATISTICS 
  STORAGE(INITIAL 65536 NEXT 1048576 MINEXTENTS 1 MAXEXTENTS 2147483645
  PCTINCREASE 0 FREELISTS 1 FREELIST GROUPS 1 BUFFER_POOL DEFAULT FLASH_CACHE DEFAULT CELL_FLASH_CACHE DEFAULT)
  TABLESPACE "SYSTEM" ;
--------------------------------------------------------
--  DDL for Index PK_CUSTOMER
--------------------------------------------------------

  CREATE UNIQUE INDEX "TINA"."PK_CUSTOMER" ON "TINA"."CUSTOMER" ("KODE_CUSTOMER") 
  PCTFREE 10 INITRANS 2 MAXTRANS 255 COMPUTE STATISTICS 
  STORAGE(INITIAL 65536 NEXT 1048576 MINEXTENTS 1 MAXEXTENTS 2147483645
  PCTINCREASE 0 FREELISTS 1 FREELIST GROUPS 1 BUFFER_POOL DEFAULT FLASH_CACHE DEFAULT CELL_FLASH_CACHE DEFAULT)
  TABLESPACE "SYSTEM" ;
--------------------------------------------------------
--  DDL for Index PK_PASOK
--------------------------------------------------------

  CREATE UNIQUE INDEX "TINA"."PK_PASOK" ON "TINA"."PASOK" ("KODE_PASOK") 
  PCTFREE 10 INITRANS 2 MAXTRANS 255 COMPUTE STATISTICS 
  STORAGE(INITIAL 65536 NEXT 1048576 MINEXTENTS 1 MAXEXTENTS 2147483645
  PCTINCREASE 0 FREELISTS 1 FREELIST GROUPS 1 BUFFER_POOL DEFAULT FLASH_CACHE DEFAULT CELL_FLASH_CACHE DEFAULT)
  TABLESPACE "SYSTEM" ;
--------------------------------------------------------
--  DDL for Index PEMBELIAN_PK
--------------------------------------------------------

  CREATE UNIQUE INDEX "TINA"."PEMBELIAN_PK" ON "TINA"."PEMBELIAN" ("KODE_PEMBELIAN") 
  PCTFREE 10 INITRANS 2 MAXTRANS 255 COMPUTE STATISTICS 
  STORAGE(INITIAL 65536 NEXT 1048576 MINEXTENTS 1 MAXEXTENTS 2147483645
  PCTINCREASE 0 FREELISTS 1 FREELIST GROUPS 1 BUFFER_POOL DEFAULT FLASH_CACHE DEFAULT CELL_FLASH_CACHE DEFAULT)
  TABLESPACE "SYSTEM" ;
--------------------------------------------------------
--  DDL for Index PK_SUPLIER
--------------------------------------------------------

  CREATE UNIQUE INDEX "TINA"."PK_SUPLIER" ON "TINA"."SUPLIER" ("KODE_SUPLIER") 
  PCTFREE 10 INITRANS 2 MAXTRANS 255 COMPUTE STATISTICS 
  STORAGE(INITIAL 65536 NEXT 1048576 MINEXTENTS 1 MAXEXTENTS 2147483645
  PCTINCREASE 0 FREELISTS 1 FREELIST GROUPS 1 BUFFER_POOL DEFAULT FLASH_CACHE DEFAULT CELL_FLASH_CACHE DEFAULT)
  TABLESPACE "SYSTEM" ;
--------------------------------------------------------
--  DDL for Trigger TR_COBA
--------------------------------------------------------

  CREATE OR REPLACE TRIGGER "TINA"."TR_COBA" 
  after update on barang
  for each row
BEGIN
  dbms_output.put_line('Tabel barang telah diupdate');
END;
/
ALTER TRIGGER "TINA"."TR_COBA" ENABLE;
--------------------------------------------------------
--  DDL for Synonymn DBMS_OUTPUT
--------------------------------------------------------

  CREATE OR REPLACE PUBLIC SYNONYM "DBMS_OUTPUT" FOR "SYS"."DBMS_OUTPUT";
--------------------------------------------------------
--  Constraints for Table BARANG
--------------------------------------------------------

  ALTER TABLE "TINA"."BARANG" ADD CONSTRAINT "PK_BARANG" PRIMARY KEY ("KODE_BARANG")
  USING INDEX PCTFREE 10 INITRANS 2 MAXTRANS 255 COMPUTE STATISTICS 
  STORAGE(INITIAL 65536 NEXT 1048576 MINEXTENTS 1 MAXEXTENTS 2147483645
  PCTINCREASE 0 FREELISTS 1 FREELIST GROUPS 1 BUFFER_POOL DEFAULT FLASH_CACHE DEFAULT CELL_FLASH_CACHE DEFAULT)
  TABLESPACE "SYSTEM"  ENABLE;
--------------------------------------------------------
--  Constraints for Table CUSTOMER
--------------------------------------------------------

  ALTER TABLE "TINA"."CUSTOMER" ADD CONSTRAINT "PK_CUSTOMER" PRIMARY KEY ("KODE_CUSTOMER")
  USING INDEX PCTFREE 10 INITRANS 2 MAXTRANS 255 COMPUTE STATISTICS 
  STORAGE(INITIAL 65536 NEXT 1048576 MINEXTENTS 1 MAXEXTENTS 2147483645
  PCTINCREASE 0 FREELISTS 1 FREELIST GROUPS 1 BUFFER_POOL DEFAULT FLASH_CACHE DEFAULT CELL_FLASH_CACHE DEFAULT)
  TABLESPACE "SYSTEM"  ENABLE;
--------------------------------------------------------
--  Constraints for Table PASOK
--------------------------------------------------------

  ALTER TABLE "TINA"."PASOK" ADD CONSTRAINT "PK_PASOK" PRIMARY KEY ("KODE_PASOK")
  USING INDEX PCTFREE 10 INITRANS 2 MAXTRANS 255 COMPUTE STATISTICS 
  STORAGE(INITIAL 65536 NEXT 1048576 MINEXTENTS 1 MAXEXTENTS 2147483645
  PCTINCREASE 0 FREELISTS 1 FREELIST GROUPS 1 BUFFER_POOL DEFAULT FLASH_CACHE DEFAULT CELL_FLASH_CACHE DEFAULT)
  TABLESPACE "SYSTEM"  ENABLE;
--------------------------------------------------------
--  Constraints for Table PEMBELIAN
--------------------------------------------------------

  ALTER TABLE "TINA"."PEMBELIAN" ADD CONSTRAINT "PEMBELIAN_PK" PRIMARY KEY ("KODE_PEMBELIAN")
  USING INDEX PCTFREE 10 INITRANS 2 MAXTRANS 255 COMPUTE STATISTICS 
  STORAGE(INITIAL 65536 NEXT 1048576 MINEXTENTS 1 MAXEXTENTS 2147483645
  PCTINCREASE 0 FREELISTS 1 FREELIST GROUPS 1 BUFFER_POOL DEFAULT FLASH_CACHE DEFAULT CELL_FLASH_CACHE DEFAULT)
  TABLESPACE "SYSTEM"  ENABLE;
  ALTER TABLE "TINA"."PEMBELIAN" MODIFY ("KODE_PEMBELIAN" NOT NULL ENABLE);
--------------------------------------------------------
--  Constraints for Table SUPLIER
--------------------------------------------------------

  ALTER TABLE "TINA"."SUPLIER" ADD CONSTRAINT "PK_SUPLIER" PRIMARY KEY ("KODE_SUPLIER")
  USING INDEX PCTFREE 10 INITRANS 2 MAXTRANS 255 COMPUTE STATISTICS 
  STORAGE(INITIAL 65536 NEXT 1048576 MINEXTENTS 1 MAXEXTENTS 2147483645
  PCTINCREASE 0 FREELISTS 1 FREELIST GROUPS 1 BUFFER_POOL DEFAULT FLASH_CACHE DEFAULT CELL_FLASH_CACHE DEFAULT)
  TABLESPACE "SYSTEM"  ENABLE;
